id,name,slug,created,last_updated,country_iso2,nb_prefix,carrier,type
1,AFGHANISTAN,,2018-04-16 17:27:32,2018-04-16 17:27:32,AF,0,1,1
,AFGHANISTAN,,,,AF,0,1,3
,AFGHANISTAN,,,,AF,0,1,3
,AFGHANISTAN,,,,AF,0,1,3
,AFGHANISTAN,,,,AF,0,1,3
,AFGHANISTAN,,,,AF,0,1,3
,ALBANIA,,,,AL,0,1,1
,ALBANIA,,,,AL,0,1,2
,ALBANIA,,,,AL,0,1,2
,ALBANIA,,,,AL,0,1,2
,ALBANIA,,,,AL,0,1,3
,ALBANIA,,,,AL,0,1,3
,ALBANIA,,,,AL,0,1,3
,ALBANIA,,,,AL,0,1,5
,ALBANIA,,,,AL,0,1,1
,ALGERIA,,,,DZ,0,1,1
,ALGERIA,,,,DZ,0,1,1
,ALGERIA,,,,DZ,0,1,3
,ALGERIA,,,,DZ,0,1,3
,ALGERIA,,,,DZ,0,1,3
,AMERICAN SAMOA,,,,AS,0,1,1
,ANDORRA,,,,AD,0,1,1
,ANDORRA,,,,AD,0,1,3
,ANGOLA,,,,AO,0,1,1
,ANGOLA,,,,AO,0,1,3
,ANGOLA,,,,AO,0,1,3
,ANGOLA,,,,AO,0,1,1
,ANGUILLA,,,,AI,0,1,1
,ANGUILLA,,,,AI,0,1,3
,ANGUILLA,,,,AI,0,1,3
,ANGUILLA,,,,AI,0,1,1
,ANTARCTICA,,,,AQ,0,1,1
,ANTIGUA AND BARBUDA,,,,AG,0,1,1
,ANTIGUA AND BARBUDA,,,,AG,0,1,3
,ARGENTINA,,,,AR,0,1,1
,ARGENTINA,,,,AR,0,1,1
,ARGENTINA,,,,AR,0,1,1
,ARGENTINA,,,,AR,0,1,3
,ARGENTINA,,,,AR,0,1,5
,ARGENTINA,,,,AR,0,1,5
,ARGENTINA,,,,AR,0,1,5
,ARMENIA,,,,AM,0,1,1
,ARMENIA,,,,AM,0,1,3
,ARMENIA,,,,AM,0,1,3
,ARMENIA,,,,AM,0,1,3
,ARMENIA,,,,AM,0,1,3
,ARMENIA,,,,AM,0,1,1
,ARMENIA,,,,AM,0,1,5
,ARMENIA,,,,AM,0,1,1
,ARUBA,,,,AW,0,1,1
,ARUBA,,,,AW,0,1,3
,ARUBA,,,,AW,0,1,3
,ASCENSION,,,,SH,0,1,1
,ASCENSION,,,,SH,0,1,5
,AUSTRALIA,,,,AU,0,1,1
,AUSTRALIA,,,,AU,0,1,1
,AUSTRALIA,,,,AU,0,1,3
,AUSTRALIA,,,,AU,0,1,3
,AUSTRALIA,,,,AU,0,1,3
,AUSTRALIA,,,,AU,0,1,3
,AUSTRALIA,,,,AU,0,1,3
,AUSTRALIA,,,,AU,0,1,1
,AUSTRALIA,,,,AU,0,1,2
,AUSTRALIA,,,,AU,0,1,3
,AUSTRALIA,,,,AU,0,1,3
,AUSTRALIA,,,,AU,0,1,5
,AUSTRIA,,,,AT,0,1,1
,AUSTRIA,,,,AT,0,1,3
,AUSTRIA,,,,AT,0,1,3
,AUSTRIA,,,,AT,0,1,3
,AUSTRIA,,,,AT,0,1,3
,AUSTRIA,,,,AT,0,1,1
,AUSTRIA,,,,AT,0,1,5
,AUSTRIA,,,,AT,0,1,1
,AZERBAIJAN,,,,AZ,0,1,1
,AZERBAIJAN,,,,AZ,0,1,3
,AZERBAIJAN,,,,AZ,0,1,3
,BAHAMAS,,,,BS,0,1,1
,BAHAMAS,,,,BS,0,1,3
,BAHRAIN,,,,BH,0,1,1
,BAHRAIN,,,,BH,0,1,1
,BAHRAIN,,,,BH,0,1,3
,BAHRAIN,,,,BH,0,1,3
,BAHRAIN,,,,BH,0,1,3
,BANGLADESH,,,,BD,0,1,1
,BANGLADESH,,,,BD,0,1,1
,BANGLADESH,,,,BD,0,1,1
,BANGLADESH,,,,BD,0,1,3
,BANGLADESH,,,,BD,0,1,3
,BANGLADESH,,,,BD,0,1,3
,BANGLADESH,,,,BD,0,1,3
,BANGLADESH,,,,BD,0,1,1
,BARBADOS,,,,BB,0,1,1
,BARBADOS,,,,BB,0,1,3
,BARBADOS,,,,BB,0,1,3
,BARBADOS,,,,BB,0,1,5
,BELARUS,,,,BY,0,1,1
,BELARUS,,,,BY,0,1,1
,BELARUS,,,,BY,0,1,3
,BELARUS,,,,BY,0,1,3
,BELARUS,,,,BY,0,1,1
,BELARUS,,,,BY,0,1,5
,BELGIUM,,,,BE,0,1,1
,BELGIUM,,,,BE,0,1,2
,BELGIUM,,,,BE,0,1,3
,BELGIUM,,,,BE,0,1,3
,BELGIUM,,,,BE,0,1,3
,BELGIUM,,,,BE,0,1,3
,BELGIUM,,,,BE,0,1,3
,BELGIUM,,,,BE,0,1,3
,BELGIUM,,,,BE,0,1,1
,BELIZE,,,,BZ,0,1,1
,BELIZE,,,,BZ,0,1,3
,BENIN,,,,BJ,0,1,1
,BENIN,,,,BJ,0,1,3
,BENIN,,,,BJ,0,1,3
,BENIN,,,,BJ,0,1,3
,BENIN,,,,BJ,0,1,3
,BENIN,,,,BJ,0,1,1
,BERMUDA,,,,BM,0,1,1
,BHUTAN,,,,BT,0,1,1
,BHUTAN,,,,BT,0,1,3
,BOLIVIA,,,,BO,0,1,1
,BOLIVIA,,,,BO,0,1,1
,BOLIVIA,,,,BO,0,1,1
,BOLIVIA,,,,BO,0,1,3
,BOLIVIA,,,,BO,0,1,3
,BOLIVIA,,,,BO,0,1,3
,BOLIVIA,,,,BO,0,1,1
,BOSNIA AND HERZEGOVINA,,,,BA,0,1,1
,BOSNIA AND HERZEGOVINA,,,,BA,0,1,1
,BOSNIA AND HERZEGOVINA,,,,BA,0,1,1
,BOSNIA AND HERZEGOVINA,,,,BA,0,1,3
,BOSNIA AND HERZEGOVINA,,,,BA,0,1,3
,BOSNIA AND HERZEGOVINA,,,,BA,0,1,3
,BOSNIA AND HERZEGOVINA,,,,BA,0,1,1
,BOTSWANA,,,,BW,0,1,1
,BOTSWANA,,,,BW,0,1,3
,BOTSWANA,,,,BW,0,1,3
,BOTSWANA,,,,BW,0,1,3
,BRAZIL,,,,BR,0,1,1
,BRAZIL,,,,BR,0,1,1
,BRAZIL,,,,BR,0,1,1
,BRAZIL,,,,BR,0,1,1
,BRAZIL,,,,BR,0,1,1
,BRAZIL,,,,BR,0,1,1
,BRAZIL,,,,BR,0,1,1
,BRAZIL,,,,BR,0,1,1
,BRAZIL,,,,BR,0,1,3
,BRAZIL,,,,BR,0,1,3
,BRAZIL,,,,BR,0,1,1
,BRAZIL,,,,BR,0,1,1
,BRAZIL,,,,BR,0,1,1
,BRAZIL,,,,BR,0,1,1
,BRAZIL,,,,BR,0,1,1
,BRAZIL,,,,BR,0,1,1
,BRAZIL,,,,BR,0,1,1
,BRITISH VIRGIN ISLANDS,,,,VG,0,1,1
,BRITISH VIRGIN ISLANDS,,,,VG,0,1,3
,BRITISH VIRGIN ISLANDS,,,,VG,0,1,3
,BRUNEI,,,,BN,0,1,1
,BRUNEI,,,,BN,0,1,3
,BULGARIA,,,,BG,0,1,1
,BULGARIA,,,,BG,0,1,2
,BULGARIA,,,,BG,0,1,3
,BULGARIA,,,,BG,0,1,3
,BULGARIA,,,,BG,0,1,3
,BULGARIA,,,,BG,0,1,3
,BULGARIA,,,,BG,0,1,1
,BULGARIA,,,,BG,0,1,1
,BULGARIA,,,,BG,0,1,1
,BULGARIA,,,,BG,0,1,5
,BURKINA FASO,,,,BF,0,1,1
,BURKINA FASO,,,,BF,0,1,3
,BURKINA FASO,,,,BF,0,1,3
,BURKINA FASO,,,,BF,0,1,3
,BURKINA FASO,,,,BF,0,1,5
,BURUNDI,,,,BI,0,1,1
,BURUNDI,,,,BI,0,1,3
,BURUNDI,,,,BI,0,1,3
,BURUNDI,,,,BI,0,1,3
,BURUNDI,,,,BI,0,1,3
,BURUNDI,,,,BI,0,1,3
,BURUNDI,,,,BI,0,1,5
,CAMBODIA,,,,KH,0,1,1
,CAMBODIA,,,,KH,0,1,2
,CAMBODIA,,,,KH,0,1,3
,CAMBODIA,,,,KH,0,1,3
,CAMBODIA,,,,KH,0,1,3
,CAMBODIA,,,,KH,0,1,3
,CAMBODIA,,,,KH,0,1,3
,CAMEROON,,,,CM,0,1,1
,CAMEROON,,,,CM,0,1,1
,CAMEROON,,,,CM,0,1,3
,CAMEROON,,,,CM,0,1,3
,CAMEROON,,,,CM,0,1,3
,CAMEROON,,,,CM,0,1,5
,CAMEROON,,,,CM,0,1,5
,CANADA,,,,CA,0,1,1
,CANADA,,,,CA,0,1,1
,CAPE VERDE,,,,CV,0,1,1
,CAPE VERDE,,,,CV,0,1,3
,CAPE VERDE,,,,CV,0,1,3
,CAYMAN ISLANDS,,,,KY,0,1,1
,CAYMAN ISLANDS,,,,KY,0,1,3
,CAYMAN ISLANDS,,,,KY,0,1,3
,CENTRAL AFRICAN REPUBLIC,,,,CF,0,1,1
,CENTRAL AFRICAN REPUBLIC,,,,CF,0,1,3
,CENTRAL AFRICAN REPUBLIC,,,,CF,0,1,3
,CENTRAL AFRICAN REPUBLIC,,,,CF,0,1,3
,CENTRAL AFRICAN REPUBLIC,,,,CF,0,1,3
,CENTRAL AFRICAN REPUBLIC,,,,CF,0,1,5
,CHAD,,,,TD,0,1,1
,CHAD,,,,TD,0,1,3
,CHAD,,,,TD,0,1,3
,CHAD,,,,TD,0,1,3
,CHILE,,,,CL,0,1,1
,CHILE,,,,CL,0,1,1
,CHILE,,,,CL,0,1,3
,CHILE,,,,CL,0,1,1
,CHILE,,,,CL,0,1,1
,CHILE,,,,CL,0,1,1
,CHILE,,,,CL,0,1,5
,CHINA,,,,CN,0,1,1
,CHINA,,,,CN,0,1,3
,CHINA,,,,CN,0,1,3
,COLOMBIA,,,,CO,0,1,1
,COLOMBIA,,,,CO,0,1,1
,COLOMBIA,,,,CO,0,1,1
,COLOMBIA,,,,CO,0,1,1
,COLOMBIA,,,,CO,0,1,1
,COLOMBIA,,,,CO,0,1,3
,COLOMBIA,,,,CO,0,1,3
,COLOMBIA,,,,CO,0,1,3
,COLOMBIA,,,,CO,0,1,3
,COLOMBIA,,,,CO,0,1,1
,COMOROS,,,,KM,0,1,1
,COMOROS,,,,KM,0,1,3
,COMOROS,,,,KM,0,1,3
,COMOROS,,,,KM,0,1,1
,COMOROS,,,,KM,0,1,5
,CONGO,,,,CG,0,1,1
,CONGO,,,,CG,0,1,3
,CONGO,,,,CG,0,1,3
,CONGO,,,,CG,0,1,3
,CONGO,,,,CG,0,1,1
,COOK ISLANDS,,,,CK,0,1,1
,COOK ISLANDS,,,,CK,0,1,3
,COSTA RICA,,,,CR,0,1,1
,COSTA RICA,,,,CR,0,1,3
,COSTA RICA,,,,CR,0,1,3
,COSTA RICA,,,,CR,0,1,3
,CROATIA,,,,HR,0,1,1
,CROATIA,,,,HR,0,1,3
,CROATIA,,,,HR,0,1,3
,CROATIA,,,,HR,0,1,3
,CROATIA,,,,HR,0,1,5
,CUBA,,,,CU,0,1,1
,CUBA,,,,CU,0,1,1
,CUBA,,,,CU,0,1,3
,CYPRUS,,,,CY,0,1,1
,CYPRUS,,,,CY,0,1,2
,CYPRUS,,,,CY,0,1,2
,CYPRUS,,,,CY,0,1,2
,CYPRUS,,,,CY,0,1,3
,CYPRUS,,,,CY,0,1,3
,CYPRUS,,,,CY,0,1,3
,CYPRUS,,,,CY,0,1,1
,CYPRUS,,,,CY,0,1,1
,CZECH REPUBLIC,,,,CZ,0,1,1
,CZECH REPUBLIC,,,,CZ,0,1,3
,CZECH REPUBLIC,,,,CZ,0,1,3
,CZECH REPUBLIC,,,,CZ,0,1,3
,CZECH REPUBLIC,,,,CZ,0,1,3
,CZECH REPUBLIC,,,,CZ,0,1,1
,CZECH REPUBLIC,,,,CZ,0,1,5
,DEMOCRATIC REPUBLIC OF THE CONGO,,,,CD,0,1,1
,DEMOCRATIC REPUBLIC OF THE CONGO,,,,CD,0,1,3
,DEMOCRATIC REPUBLIC OF THE CONGO,,,,CD,0,1,3
,DEMOCRATIC REPUBLIC OF THE CONGO,,,,CD,0,1,3
,DEMOCRATIC REPUBLIC OF THE CONGO,,,,CD,0,1,3
,DEMOCRATIC REPUBLIC OF THE CONGO,,,,CD,0,1,3
,DEMOCRATIC REPUBLIC OF THE CONGO,,,,CD,0,1,3
,DEMOCRATIC REPUBLIC OF THE CONGO,,,,CD,0,1,1
,DEMOCRATIC REPUBLIC OF THE CONGO,,,,CD,0,1,1
,DEMOCRATIC REPUBLIC OF THE CONGO,,,,CD,0,1,5
,DENMARK,,,,DK,0,1,1
,DENMARK,,,,DK,0,1,3
,DENMARK,,,,DK,0,1,3
,DENMARK,,,,DK,0,1,3
,DENMARK,,,,DK,0,1,3
,DENMARK,,,,DK,0,1,3
,DENMARK,,,,DK,0,1,3
,DENMARK,,,,DK,0,1,1
,DIEGO GARCIA,,,,DG,0,1,1
,DIEGO GARCIA,,,,DG,0,1,3
,DJIBOUTI,,,,DJ,0,1,1
,DJIBOUTI,,,,DJ,0,1,3
,DOMINICA,,,,DM,0,1,1
,DOMINICA,,,,DM,0,1,3
,DOMINICA,,,,DM,0,1,3
,DOMINICA,,,,DM,0,1,5
,DOMINICA,,,,DM,0,1,5
,DOMINICAN REPUBLIC,,,,DO,0,1,1
,DOMINICAN REPUBLIC,,,,DO,0,1,2
,DOMINICAN REPUBLIC,,,,DO,0,1,3
,DOMINICAN REPUBLIC,,,,DO,0,1,3
,DOMINICAN REPUBLIC,,,,DO,0,1,3
,DOMINICAN REPUBLIC,,,,DO,0,1,3
,DOMINICAN REPUBLIC,,,,DO,0,1,1
,EAST TIMOR,,,,TL,0,1,1
,EAST TIMOR,,,,TL,0,1,3
,EAST TIMOR,,,,TL,0,1,3
,ECUADOR,,,,EC,0,1,1
,ECUADOR,,,,EC,0,1,2
,ECUADOR,,,,EC,0,1,3
,ECUADOR,,,,EC,0,1,3
,ECUADOR,,,,EC,0,1,3
,ECUADOR,,,,EC,0,1,1
,EGYPT,,,,EG,0,1,1
,EGYPT,,,,EG,0,1,3
,EGYPT,,,,EG,0,1,3
,EGYPT,,,,EG,0,1,3
,EL SALVADOR,,,,SV,0,1,1
,EL SALVADOR,,,,SV,0,1,2
,EL SALVADOR,,,,SV,0,1,2
,EL SALVADOR,,,,SV,0,1,3
,EL SALVADOR,,,,SV,0,1,3
,EL SALVADOR,,,,SV,0,1,3
,EL SALVADOR,,,,SV,0,1,3
,EL SALVADOR,,,,SV,0,1,3
,EQUATORIAL GUINEA,,,,GQ,0,1,1
,EQUATORIAL GUINEA,,,,GQ,0,1,2
,EQUATORIAL GUINEA,,,,GQ,0,1,2
,EQUATORIAL GUINEA,,,,GQ,0,1,3
,EQUATORIAL GUINEA,,,,GQ,0,1,3
,EQUATORIAL GUINEA,,,,GQ,0,1,3
,ERITREA,,,,ER,0,1,1
,ERITREA,,,,ER,0,1,3
,ESTONIA,,,,EE,0,1,1
,ESTONIA,,,,EE,0,1,3
,ESTONIA,,,,EE,0,1,3
,ESTONIA,,,,EE,0,1,3
,ESTONIA,,,,EE,0,1,3
,ESTONIA,,,,EE,0,1,1
,ESTONIA,,,,EE,0,1,5
,ETHIOPIA,,,,ET,0,1,1
,ETHIOPIA,,,,ET,0,1,1
,ETHIOPIA,,,,ET,0,1,3
,ETHIOPIA,,,,ET,0,1,3
,FALKLAND ISLANDS,,,,FK,0,1,1
,FALKLAND ISLANDS,,,,FK,0,1,3
,FAROE ISLANDS,,,,FO,0,1,1
,FAROE ISLANDS,,,,FO,0,1,3
,FIJI,,,,FJ,0,1,1
,FIJI,,,,FJ,0,1,3
,FINLAND,,,,FI,0,1,1
,FINLAND,,,,FI,0,1,3
,FINLAND,,,,FI,0,1,3
,FINLAND,,,,FI,0,1,3
,FINLAND,,,,FI,0,1,3
,FINLAND,,,,FI,0,1,1
,FINLAND,,,,FI,0,1,1
,FINLAND,,,,FI,0,1,5
,FRANCE,,,,FR,0,1,1
,FRANCE,,,,FR,0,1,2
,FRANCE,,,,FR,0,1,3
,FRANCE,,,,FR,0,1,3
,FRANCE,,,,FR,0,1,3
,FRANCE,,,,FR,0,1,3
,FRANCE,,,,FR,0,1,3
,FRANCE,,,,FR,0,1,3
,FRANCE,,,,FR,0,1,3
,FRANCE,,,,FR,0,1,5
,FRENCH GUIANA,,,,GF,0,1,1
,FRENCH GUIANA,,,,GF,0,1,3
,FRENCH GUIANA,,,,GF,0,1,3
,FRENCH GUIANA,,,,GF,0,1,3
,FRENCH GUIANA,,,,GF,0,1,3
,FRENCH GUIANA,,,,GF,0,1,1
,FRENCH GUIANA,,,,GF,0,1,3
,GABON,,,,GA,0,1,1
,GABON,,,,GA,0,1,3
,GABON,,,,GA,0,1,3
,GABON,,,,GA,0,1,3
,GAMBIA,,,,GM,0,1,1
,GAMBIA,,,,GM,0,1,3
,GAMBIA,,,,GM,0,1,1
,GEORGIA,,,,GE,0,1,1
,GEORGIA,,,,GE,0,1,3
,GEORGIA,,,,GE,0,1,3
,GEORGIA,,,,GE,0,1,3
,GEORGIA,,,,GE,0,1,1
,GEORGIA,,,,GE,0,1,5
,GEORGIA,,,,GE,0,1,1
,GERMANY,,,,DE,0,1,1
,GERMANY,,,,DE,0,1,1
,GERMANY,,,,DE,0,1,3
,GERMANY,,,,DE,0,1,3
,GERMANY,,,,DE,0,1,3
,GERMANY,,,,DE,0,1,3
,GERMANY,,,,DE,0,1,3
,GERMANY,,,,DE,0,1,3
,GERMANY,,,,DE,0,1,1
,GERMANY,,,,DE,0,1,5
,GHANA,,,,GH,0,1,1
,GHANA,,,,GH,0,1,2
,GHANA,,,,GH,0,1,3
,GHANA,,,,GH,0,1,3
,GHANA,,,,GH,0,1,3
,GHANA,,,,GH,0,1,3
,GHANA,,,,GH,0,1,3
,GHANA,,,,GH,0,1,3
,GIBRALTAR,,,,GI,0,1,1
,GIBRALTAR,,,,GI,0,1,3
,,,,,,0,1,3
,,,,,,0,1,3
,,,,,,0,1,3
,,,,,,0,1,3
,,,,,,0,1,3
,GREECE,,,,GR,0,1,1
,GREECE,,,,GR,0,1,1
,GREECE,,,,GR,0,1,3
,GREECE,,,,GR,0,1,3
,GREECE,,,,GR,0,1,3
,GREECE,,,,GR,0,1,3
,GREECE,,,,GR,0,1,1
,GREECE,,,,GR,0,1,5
,GREENLAND,,,,GL,0,1,1
,GREENLAND,,,,GL,0,1,3
,GRENADA,,,,GD,0,1,1
,GRENADA,,,,GD,0,1,3
,GRENADA,,,,GD,0,1,3
,GRENADA,,,,GD,0,1,1
,GRENADA,,,,GD,0,1,5
,GUADELOUPE,,,,GP,0,1,1
,GUADELOUPE,,,,GP,0,1,3
,GUADELOUPE,,,,GP,0,1,3
,GUADELOUPE,,,,GP,0,1,3
,GUADELOUPE,,,,GP,0,1,3
,GUAM,,,,GU,0,1,1
,GUATEMALA,,,,GT,0,1,1
,GUATEMALA,,,,GT,0,1,2
,GUATEMALA,,,,GT,0,1,3
,GUATEMALA,,,,GT,0,1,3
,GUATEMALA,,,,GT,0,1,3
,GUATEMALA,,,,GT,0,1,3
,GUINEA,,,,GN,0,1,1
,GUINEA,,,,GN,0,1,3
,GUINEA,,,,GN,0,1,3
,GUINEA,,,,GN,0,1,3
,GUINEA,,,,GN,0,1,3
,GUINEA,,,,GN,0,1,3
,GUINEA,,,,GN,0,1,5
,GUINEA-BISSAU,,,,GW,0,1,1
,GUINEA-BISSAU,,,,GW,0,1,3
,GUINEA-BISSAU,,,,GW,0,1,3
,GUINEA-BISSAU,,,,GW,0,1,3
,GUINEA-BISSAU,,,,GW,0,1,5
,GUYANA,,,,GY,0,1,1
,GUYANA,,,,GY,0,1,3
,GUYANA,,,,GY,0,1,3
,HAITI,,,,HT,0,1,1
,HAITI,,,,HT,0,1,1
,HAITI,,,,HT,0,1,3
,HAITI,,,,HT,0,1,3
,HAITI,,,,HT,0,1,3
,HAITI,,,,HT,0,1,5
,HONDURAS,,,,HN,0,1,1
,HONDURAS,,,,HN,0,1,3
,HONDURAS,,,,HN,0,1,3
,HONDURAS,,,,HN,0,1,3
,HONG KONG,,,,HK,0,1,1
,HONG KONG,,,,HK,0,1,3
,HONG KONG,,,,HK,0,1,3
,HONG KONG,,,,HK,0,1,3
,HONG KONG,,,,HK,0,1,3
,HUNGARY,,,,HU,0,1,1
,HUNGARY,,,,HU,0,1,1
,HUNGARY,,,,HU,0,1,3
,HUNGARY,,,,HU,0,1,3
,HUNGARY,,,,HU,0,1,3
,HUNGARY,,,,HU,0,1,3
,HUNGARY,,,,HU,0,1,5
,ICELAND,,,,IS,0,1,1
,ICELAND,,,,IS,0,1,3
,ICELAND,,,,IS,0,1,3
,ICELAND,,,,IS,0,1,3
,INDIA,,,,IN,0,1,1
,INDIA,,,,IN,0,1,1
,INDIA,,,,IN,0,1,1
,INDIA,,,,IN,0,1,1
,INDIA,,,,IN,0,1,1
,INDIA,,,,IN,0,1,1
,INDIA,,,,IN,0,1,1
,INDIA,,,,IN,0,1,1
,INDIA,,,,IN,0,1,1
,INDIA,,,,IN,0,1,1
,INDIA,,,,IN,0,1,3
,INDIA,,,,IN,0,1,3
,INDIA,,,,IN,0,1,3
,INDIA,,,,IN,0,1,3
,INDIA,,,,IN,0,1,3
,INDIA,,,,IN,0,1,3
,INDIA,,,,IN,0,1,3
,INDIA,,,,IN,0,1,3
,INDIA,,,,IN,0,1,3
,INDIA,,,,IN,0,1,1
,INDIA,,,,IN,0,1,1
,INDIA,,,,IN,0,1,1
,INDIA,,,,IN,0,1,1
,INDIA,,,,IN,0,1,1
,INDONESIA,,,,ID,0,1,1
,INDONESIA,,,,ID,0,1,1
,INDONESIA,,,,ID,0,1,1
,INDONESIA,,,,ID,0,1,1
,INDONESIA,,,,ID,0,1,1
,INDONESIA,,,,ID,0,1,1
,INDONESIA,,,,ID,0,1,1
,INDONESIA,,,,ID,0,1,1
,INDONESIA,,,,ID,0,1,3
,INDONESIA,,,,ID,0,1,3
,INDONESIA,,,,ID,0,1,3
,INDONESIA,,,,ID,0,1,3
,INDONESIA,,,,ID,0,1,3
,INDONESIA,,,,ID,0,1,3
,INDONESIA,,,,ID,0,1,1
,,,,,,0,1,1
,,,,,,0,1,1
,,,,,,0,1,1
,,,,,,0,1,1
,,,,,,0,1,1
,,,,,,0,1,1
,,,,,,0,1,1
,,,,,,0,1,3
,,,,,,0,1,1
,,,,,,0,1,1
,,,,,,0,1,1
,,,,,,0,1,1
,,,,,,0,1,1
,,,,,,0,1,1
,,,,,,0,1,1
,,,,,,0,1,1
,,,,,,0,1,1
,,,,,,0,1,1
,,,,,,0,1,5
,,,,,,0,1,5
,,,,,,0,1,5
,,,,,,0,1,1
,,,,,,0,1,1
,,,,,,0,1,1
,,,,,,0,1,1
,IRAN,,,,IR,0,1,1
,IRAN,,,,IR,0,1,3
,IRAN,,,,IR,0,1,3
,IRAN,,,,IR,0,1,1
,IRAQ,,,,IQ,0,1,1
,IRAQ,,,,IQ,0,1,1
,IRAQ,,,,IQ,0,1,3
,IRAQ,,,,IQ,0,1,3
,IRAQ,,,,IQ,0,1,3
,IRAQ,,,,IQ,0,1,3
,IRAQ,,,,IQ,0,1,3
,IRAQ,,,,IQ,0,1,5
,IRELAND,,,,IE,0,1,1
,IRELAND,,,,IE,0,1,3
,IRELAND,,,,IE,0,1,3
,IRELAND,,,,IE,0,1,3
,IRELAND,,,,IE,0,1,3
,IRELAND,,,,IE,0,1,3
,IRELAND,,,,IE,0,1,3
,IRELAND,,,,IE,0,1,5
,ISRAEL,,,,IL,0,1,1
,ISRAEL,,,,IL,0,1,3
,ISRAEL,,,,IL,0,1,3
,ISRAEL,,,,IL,0,1,3
,ISRAEL,,,,IL,0,1,3
,ISRAEL,,,,IL,0,1,1
,ITALY,,,,IT,0,1,1
,ITALY,,,,IT,0,1,3
,ITALY,,,,IT,0,1,3
,ITALY,,,,IT,0,1,3
,ITALY,,,,IT,0,1,3
,ITALY,,,,IT,0,1,3
,ITALY,,,,IT,0,1,3
,ITALY,,,,IT,0,1,3
,ITALY,,,,IT,0,1,3
,ITALY,,,,IT,0,1,3
,IVORY COAST,,,,CI,0,1,1
,IVORY COAST,,,,CI,0,1,2
,IVORY COAST,,,,CI,0,1,3
,IVORY COAST,,,,CI,0,1,3
,IVORY COAST,,,,CI,0,1,3
,IVORY COAST,,,,CI,0,1,3
,IVORY COAST,,,,CI,0,1,1
,IVORY COAST,,,,CI,0,1,5
,JAMAICA,,,,JM,0,1,1
,JAMAICA,,,,JM,0,1,3
,JAMAICA,,,,JM,0,1,3
,JAPAN,,,,JP,0,1,1
,JAPAN,,,,JP,0,1,1
,JAPAN,,,,JP,0,1,3
,JAPAN,,,,JP,0,1,3
,JORDAN,,,,JO,0,1,1
,JORDAN,,,,JO,0,1,3
,JORDAN,,,,JO,0,1,3
,JORDAN,,,,JO,0,1,3
,JORDAN,,,,JO,0,1,3
,KAZAKHSTAN,,,,KZ,0,1,1
,KAZAKHSTAN,,,,KZ,0,1,1
,KAZAKHSTAN,,,,KZ,0,1,1
,KAZAKHSTAN,,,,KZ,0,1,2
,KAZAKHSTAN,,,,KZ,0,1,1
,KAZAKHSTAN,,,,KZ,0,1,3
,KAZAKHSTAN,,,,KZ,0,1,3
,KAZAKHSTAN,,,,KZ,0,1,3
,KAZAKHSTAN,,,,KZ,0,1,1
,KAZAKHSTAN,,,,KZ,0,1,5
,KENYA,,,,KE,0,1,1
,KENYA,,,,KE,0,1,3
,KENYA,,,,KE,0,1,3
,KENYA,,,,KE,0,1,3
,KENYA,,,,KE,0,1,3
,KENYA,,,,KE,0,1,3
,KENYA,,,,KE,0,1,5
,KIRIBATI,,,,KI,0,1,1
,KOSOVO,,,,XK,0,1,1
,KOSOVO,,,,XK,0,1,3
,KUWAIT,,,,KW,0,1,1
,KUWAIT,,,,KW,0,1,3
,KUWAIT,,,,KW,0,1,3
,KUWAIT,,,,KW,0,1,3
,KYRGYZSTAN,,,,KG,0,1,1
,KYRGYZSTAN,,,,KG,0,1,1
,KYRGYZSTAN,,,,KG,0,1,3
,KYRGYZSTAN,,,,KG,0,1,3
,KYRGYZSTAN,,,,KG,0,1,3
,KYRGYZSTAN,,,,KG,0,1,3
,KYRGYZSTAN,,,,KG,0,1,1
,KYRGYZSTAN,,,,KG,0,1,5
,LAOS,,,,LA,0,1,1
,LAOS,,,,LA,0,1,3
,LATVIA,,,,LV,0,1,1
,LATVIA,,,,LV,0,1,2
,LATVIA,,,,LV,0,1,2
,LATVIA,,,,LV,0,1,2
,LATVIA,,,,LV,0,1,3
,LATVIA,,,,LV,0,1,3
,LATVIA,,,,LV,0,1,3
,LATVIA,,,,LV,0,1,3
,LATVIA,,,,LV,0,1,3
,LATVIA,,,,LV,0,1,3
,LATVIA,,,,LV,0,1,1
,LATVIA,,,,LV,0,1,5
,LATVIA,,,,LV,0,1,5
,LEBANON,,,,LB,0,1,1
,LEBANON,,,,LB,0,1,3
,LESOTHO,,,,LS,0,1,1
,LESOTHO,,,,LS,0,1,3
,LESOTHO,,,,LS,0,1,3
,LIBERIA,,,,LR,0,1,1
,LIBERIA,,,,LR,0,1,3
,LIBERIA,,,,LR,0,1,3
,LIBERIA,,,,LR,0,1,3
,LIBERIA,,,,LR,0,1,3
,LIBERIA,,,,LR,0,1,1
,LIBERIA,,,,LR,0,1,5
,LIBYA,,,,LY,0,1,1
,LIBYA,,,,LY,0,1,3
,LIBYA,,,,LY,0,1,3
,LIECHTENSTEIN,,,,LI,0,1,1
,LIECHTENSTEIN,,,,LI,0,1,3
,LIECHTENSTEIN,,,,LI,0,1,3
,LIECHTENSTEIN,,,,LI,0,1,1
,LITHUANIA,,,,LT,0,1,1
,LITHUANIA,,,,LT,0,1,3
,LITHUANIA,,,,LT,0,1,3
,LITHUANIA,,,,LT,0,1,3
,LITHUANIA,,,,LT,0,1,3
,LITHUANIA,,,,LT,0,1,1
,LITHUANIA,,,,LT,0,1,5
,LITHUANIA,,,,LT,0,1,5
,LUXEMBOURG,,,,LU,0,1,1
,LUXEMBOURG,,,,LU,0,1,3
,LUXEMBOURG,,,,LU,0,1,3
,LUXEMBOURG,,,,LU,0,1,3
,LUXEMBOURG,,,,LU,0,1,3
,LUXEMBOURG,,,,LU,0,1,5
,MACAO,,,,MO,0,1,1
,MACAO,,,,MO,0,1,3
,MACEDONIA,,,,MK,0,1,1
,MACEDONIA,,,,MK,0,1,2
,MACEDONIA,,,,MK,0,1,3
,MACEDONIA,,,,MK,0,1,3
,MACEDONIA,,,,MK,0,1,3
,MACEDONIA,,,,MK,0,1,1
,MACEDONIA,,,,MK,0,1,1
,MACEDONIA,,,,MK,0,1,5
,MACEDONIA,,,,MK,0,1,5
,MACEDONIA,,,,MK,0,1,5
,MADAGASCAR,,,,MG,0,1,1
,MADAGASCAR,,,,MG,0,1,3
,MADAGASCAR,,,,MG,0,1,3
,MADAGASCAR,,,,MG,0,1,3
,MADAGASCAR,,,,MG,0,1,3
,MADAGASCAR,,,,MG,0,1,1
,MADAGASCAR,,,,MG,0,1,5
,MADAGASCAR,,,,MG,0,1,5
,MALAWI,,,,MW,0,1,1
,MALAWI,,,,MW,0,1,3
,MALAWI,,,,MW,0,1,3
,MALAWI,,,,MW,0,1,3
,MALAWI,,,,MW,0,1,1
,MALAYSIA,,,,MY,0,1,1
,MALAYSIA,,,,MY,0,1,3
,MALAYSIA,,,,MY,0,1,3
,MALAYSIA,,,,MY,0,1,3
,MALAYSIA,,,,MY,0,1,3
,MALDIVES,,,,MV,0,1,1
,MALDIVES,,,,MV,0,1,3
,MALDIVES,,,,MV,0,1,3
,MALDIVES,,,,MV,0,1,1
,MALDIVES,,,,MV,0,1,1
,MALDIVES,,,,MV,0,1,5
,MALI,,,,ML,0,1,1
,MALI,,,,ML,0,1,1
,MALI,,,,ML,0,1,3
,MALI,,,,ML,0,1,3
,MALI,,,,ML,0,1,3
,MALTA,,,,MT,0,1,1
,MALTA,,,,MT,0,1,3
,MALTA,,,,MT,0,1,3
,MARSHALL ISLANDS,,,,MH,0,1,1
,MARTINIQUE,,,,MQ,0,1,1
,MARTINIQUE,,,,MQ,0,1,3
,MARTINIQUE,,,,MQ,0,1,3
,MARTINIQUE,,,,MQ,0,1,3
,MARTINIQUE,,,,MQ,0,1,3
,MAURITANIA,,,,MR,0,1,1
,MAURITANIA,,,,MR,0,1,2
,MAURITANIA,,,,MR,0,1,3
,MAURITANIA,,,,MR,0,1,3
,MAURITANIA,,,,MR,0,1,3
,MAURITIUS,,,,MU,0,1,1
,MAURITIUS,,,,MU,0,1,3
,MAURITIUS,,,,MU,0,1,3
,MAYOTTE,,,,YT,0,1,1
,MAYOTTE,,,,YT,0,1,3
,MEXICO,,,,MX,0,1,1
,MEXICO,,,,MX,0,1,1
,MEXICO,,,,MX,0,1,1
,MEXICO,,,,MX,0,1,1
,MEXICO,,,,MX,0,1,3
,MEXICO,,,,MX,0,1,3
,MEXICO,,,,MX,0,1,3
,MEXICO,,,,MX,0,1,3
,MEXICO,,,,MX,0,1,3
,MEXICO,,,,MX,0,1,3
,MEXICO,,,,MX,0,1,3
,MEXICO,,,,MX,0,1,3
,MEXICO,,,,MX,0,1,3
,MEXICO,,,,MX,0,1,3
,MEXICO,,,,MX,0,1,3
,MEXICO,,,,MX,0,1,3
,MEXICO,,,,MX,0,1,3
,MEXICO,,,,MX,0,1,3
,MEXICO,,,,MX,0,1,3
,MEXICO,,,,MX,0,1,3
,MEXICO,,,,MX,0,1,1
,MEXICO,,,,MX,0,1,2
,MICRONESIA,,,,FM,0,1,1
,MOLDOVA,,,,MD,0,1,1
,MOLDOVA,,,,MD,0,1,3
,MOLDOVA,,,,MD,0,1,3
,MOLDOVA,,,,MD,0,1,3
,MOLDOVA,,,,MD,0,1,3
,MOLDOVA,,,,MD,0,1,1
,MOLDOVA,,,,MD,0,1,5
,MONACO,,,,MC,0,1,1
,MONACO,,,,MC,0,1,2
,MONACO,,,,MC,0,1,3
,MONACO,,,,MC,0,1,3
,MONGOLIA,,,,MN,0,1,1
,MONGOLIA,,,,MN,0,1,3
,MONGOLIA,,,,MN,0,1,5
,MONTENEGRO,,,,ME,0,1,1
,MONTENEGRO,,,,ME,0,1,3
,MONTENEGRO,,,,ME,0,1,3
,MONTENEGRO,,,,ME,0,1,3
,MONTENEGRO,,,,ME,0,1,5
,MONTENEGRO,,,,ME,0,1,5
,MONTSERRAT,,,,MS,0,1,1
,MONTSERRAT,,,,MS,0,1,3
,MOROCCO,,,,MA,0,1,1
,MOROCCO,,,,MA,0,1,2
,MOROCCO,,,,MA,0,1,2
,MOROCCO,,,,MA,0,1,3
,MOROCCO,,,,MA,0,1,3
,MOROCCO,,,,MA,0,1,3
,MOROCCO,,,,MA,0,1,3
,MOROCCO,,,,MA,0,1,3
,MOROCCO,,,,MA,0,1,1
,MOZAMBIQUE,,,,MZ,0,1,1
,MOZAMBIQUE,,,,MZ,0,1,3
,MOZAMBIQUE,,,,MZ,0,1,3
,MOZAMBIQUE,,,,MZ,0,1,3
,MYANMAR,,,,MM,0,1,1
,MYANMAR,,,,MM,0,1,3
,MYANMAR,,,,MM,0,1,3
,MYANMAR,,,,MM,0,1,3
,MYANMAR,,,,MM,0,1,1
,NAMIBIA,,,,NA,0,1,1
,NAMIBIA,,,,NA,0,1,3
,NAMIBIA,,,,NA,0,1,3
,NAMIBIA,,,,NA,0,1,1
,NAURU,,,,NR,0,1,1
,NEPAL,,,,NP,0,1,1
,NEPAL,,,,NP,0,1,1
,NEPAL,,,,NP,0,1,3
,NEPAL,,,,NP,0,1,3
,NEPAL,,,,NP,0,1,3
,NETHERLANDS,,,,NL,0,1,1
,NETHERLANDS,,,,NL,0,1,1
,NETHERLANDS,,,,NL,0,1,1
,NETHERLANDS,,,,NL,0,1,1
,NETHERLANDS,,,,NL,0,1,3
,NETHERLANDS,,,,NL,0,1,3
,NETHERLANDS,,,,NL,0,1,1
,NETHERLANDS,,,,NL,0,1,3
,NETHERLANDS,,,,NL,0,1,3
,NETHERLANDS,,,,NL,0,1,3
,NETHERLANDS,,,,NL,0,1,3
,NETHERLANDS,,,,NL,0,1,3
,NETHERLANDS,,,,NL,0,1,3
,NETHERLANDS,,,,NL,0,1,3
,NETHERLANDS,,,,NL,0,1,3
,NETHERLANDS,,,,NL,0,1,1
,NETHERLANDS,,,,NL,0,1,5
,NEW CALEDONIA,,,,NC,0,1,1
,NEW CALEDONIA,,,,NC,0,1,3
,NEW ZEALAND,,,,NZ,0,1,1
,NEW ZEALAND,,,,NZ,0,1,3
,NEW ZEALAND,,,,NZ,0,1,3
,NICARAGUA,,,,NI,0,1,1
,NICARAGUA,,,,NI,0,1,3
,NICARAGUA,,,,NI,0,1,3
,NICARAGUA,,,,NI,0,1,1
,NIGER,,,,NE,0,1,1
,NIGER,,,,NE,0,1,3
,NIGER,,,,NE,0,1,3
,NIGER,,,,NE,0,1,3
,NIGER,,,,NE,0,1,3
,NIGER,,,,NE,0,1,1
,NIGER,,,,NE,0,1,5
,NIGERIA,,,,NG,0,1,1
,NIGERIA,,,,NG,0,1,2
,NIGERIA,,,,NG,0,1,2
,NIGERIA,,,,NG,0,1,3
,NIGERIA,,,,NG,0,1,3
,NIGERIA,,,,NG,0,1,3
,NIGERIA,,,,NG,0,1,3
,NIGERIA,,,,NG,0,1,3
,NIGERIA,,,,NG,0,1,3
,NIGERIA,,,,NG,0,1,3
,NIGERIA,,,,NG,0,1,1
,NIUE,,,,NU,0,1,1
,NORFOLK ISLAND,,,,NF,0,1,1
,NORTH KOREA,,,,KP,0,1,1
,NORTHERN MARIANA ISLANDS,,,,MP,0,1,1
,NORWAY,,,,NO,0,1,1
,NORWAY,,,,NO,0,1,3
,NORWAY,,,,NO,0,1,3
,NORWAY,,,,NO,0,1,3
,NORWAY,,,,NO,0,1,3
,NORWAY,,,,NO,0,1,3
,NORWAY,,,,NO,0,1,5
,OMAN,,,,OM,0,1,1
,OMAN,,,,OM,0,1,2
,OMAN,,,,OM,0,1,3
,OMAN,,,,OM,0,1,3
,PAKISTAN,,,,PK,0,1,1
,PAKISTAN,,,,PK,0,1,2
,PAKISTAN,,,,PK,0,1,1
,PAKISTAN,,,,PK,0,1,1
,PAKISTAN,,,,PK,0,1,1
,PAKISTAN,,,,PK,0,1,3
,PAKISTAN,,,,PK,0,1,3
,PAKISTAN,,,,PK,0,1,3
,PAKISTAN,,,,PK,0,1,3
,PAKISTAN,,,,PK,0,1,3
,PAKISTAN,,,,PK,0,1,3
,PAKISTAN,,,,PK,0,1,3
,PALAU,,,,PW,0,1,1
,PALESTINE,,,,PS,0,1,1
,PALESTINE,,,,PS,0,1,3
,PANAMA,,,,PA,0,1,1
,PANAMA,,,,PA,0,1,3
,PANAMA,,,,PA,0,1,3
,PANAMA,,,,PA,0,1,3
,PANAMA,,,,PA,0,1,3
,PAPUA NEW GUINEA,,,,PG,0,1,1
,PAPUA NEW GUINEA,,,,PG,0,1,3
,PAPUA NEW GUINEA,,,,PG,0,1,3
,PAPUA NEW GUINEA,,,,PG,0,1,5
,PARAGUAY,,,,PY,0,1,1
,PARAGUAY,,,,PY,0,1,3
,PARAGUAY,,,,PY,0,1,3
,PARAGUAY,,,,PY,0,1,3
,PERU,,,,PE,0,1,1
,PERU,,,,PE,0,1,1
,PERU,,,,PE,0,1,1
,PERU,,,,PE,0,1,3
,PERU,,,,PE,0,1,3
,PERU,,,,PE,0,1,3
,PERU,,,,PE,0,1,1
,PHILIPPINES,,,,PH,0,1,1
,PHILIPPINES,,,,PH,0,1,1
,PHILIPPINES,,,,PH,0,1,1
,PHILIPPINES,,,,PH,0,1,3
,PHILIPPINES,,,,PH,0,1,3
,PHILIPPINES,,,,PH,0,1,3
,PHILIPPINES,,,,PH,0,1,1
,PHILIPPINES,,,,PH,0,1,1
,PHILIPPINES,,,,PH,0,1,5
,POLAND,,,,PL,0,1,1
,POLAND,,,,PL,0,1,2
,POLAND,,,,PL,0,1,2
,POLAND,,,,PL,0,1,2
,POLAND,,,,PL,0,1,3
,POLAND,,,,PL,0,1,3
,POLAND,,,,PL,0,1,3
,POLAND,,,,PL,0,1,3
,POLAND,,,,PL,0,1,3
,POLAND,,,,PL,0,1,3
,POLAND,,,,PL,0,1,3
,POLAND,,,,PL,0,1,3
,POLAND,,,,PL,0,1,1
,POLAND,,,,PL,0,1,5
,PORTUGAL,,,,PT,0,1,1
,PORTUGAL,,,,PT,0,1,2
,PORTUGAL,,,,PT,0,1,2
,PORTUGAL,,,,PT,0,1,2
,PORTUGAL,,,,PT,0,1,1
,PORTUGAL,,,,PT,0,1,3
,PORTUGAL,,,,PT,0,1,3
,PORTUGAL,,,,PT,0,1,3
,PORTUGAL,,,,PT,0,1,3
,PUERTO RICO,,,,PR,0,1,1
,QATAR,,,,QA,0,1,1
,QATAR,,,,QA,0,1,3
,QATAR,,,,QA,0,1,3
,REUNION,,,,RE,0,1,1
,REUNION,,,,RE,0,1,3
,REUNION,,,,RE,0,1,3
,REUNION,,,,RE,0,1,3
,ROMANIA,,,,RO,0,1,1
,ROMANIA,,,,RO,0,1,1
,ROMANIA,,,,RO,0,1,1
,ROMANIA,,,,RO,0,1,1
,ROMANIA,,,,RO,0,1,3
,ROMANIA,,,,RO,0,1,3
,ROMANIA,,,,RO,0,1,3
,ROMANIA,,,,RO,0,1,3
,ROMANIA,,,,RO,0,1,3
,ROMANIA,,,,RO,0,1,3
,ROMANIA,,,,RO,0,1,3
,ROMANIA,,,,RO,0,1,1
,ROMANIA,,,,RO,0,1,1
,ROMANIA,,,,RO,0,1,1
,ROMANIA,,,,RO,0,1,5
,ROMANIA,,,,RO,0,1,5
,ROMANIA,,,,RO,0,1,5
,ROMANIA,,,,RO,0,1,5
,ROMANIA,,,,RO,0,1,1
,RUSSIA,,,,RU,0,1,1
,RUSSIA,,,,RU,0,1,1
,RUSSIA,,,,RU,0,1,1
,RUSSIA,,,,RU,0,1,2
,RUSSIA,,,,RU,0,1,2
,RUSSIA,,,,RU,0,1,2
,RUSSIA,,,,RU,0,1,3
,RUSSIA,,,,RU,0,1,3
,RUSSIA,,,,RU,0,1,3
,RUSSIA,,,,RU,0,1,3
,RUSSIA,,,,RU,0,1,3
,RUSSIA,,,,RU,0,1,3
,RUSSIA,,,,RU,0,1,3
,RUSSIA,,,,RU,0,1,3
,RUSSIA,,,,RU,0,1,3
,RUSSIA,,,,RU,0,1,3
,RUSSIA,,,,RU,0,1,1
,RUSSIA,,,,RU,0,1,1
,RUSSIA,,,,RU,0,1,1
,RUSSIA,,,,RU,0,1,5
,RUSSIA,,,,RU,0,1,1
,RWANDA,,,,RW,0,1,1
,RWANDA,,,,RW,0,1,2
,RWANDA,,,,RW,0,1,3
,RWANDA,,,,RW,0,1,3
,RWANDA,,,,RW,0,1,3
,RWANDA,,,,RW,0,1,3
,SAINT HELENA,,,,SH,0,1,1
,SAINT KITTS AND NEVIS,,,,KN,0,1,1
,SAINT KITTS AND NEVIS,,,,KN,0,1,3
,SAINT KITTS AND NEVIS,,,,KN,0,1,3
,SAINT LUCIA,,,,LC,0,1,1
,SAINT LUCIA,,,,LC,0,1,3
,SAINT LUCIA,,,,LC,0,1,3
,SAINT PIERRE AND MIQUELON,,,,PM,0,1,1
,SAINT PIERRE AND MIQUELON,,,,PM,0,1,3
,SAINT VINCENT AND THE GRENADINES,,,,VC,0,1,1
,SAINT VINCENT AND THE GRENADINES,,,,VC,0,1,3
,SAINT VINCENT AND THE GRENADINES,,,,VC,0,1,3
,SAN MARINO,,,,SM,0,1,1
,SAN MARINO,,,,SM,0,1,2
,SAN MARINO,,,,SM,0,1,3
,SAN MARINO,,,,SM,0,1,3
,SAN MARINO,,,,SM,0,1,5
,SAN MARINO,,,,SM,0,1,5
,SAN MARINO,,,,SM,0,1,5
,SAO TOME AND PRINCIPE,,,,ST,0,1,1
,SAO TOME AND PRINCIPE,,,,ST,0,1,3
,SAO TOME AND PRINCIPE,,,,ST,0,1,3
,SAUDI ARABIA,,,,SA,0,1,1
,SAUDI ARABIA,,,,SA,0,1,2
,SAUDI ARABIA,,,,SA,0,1,3
,SAUDI ARABIA,,,,SA,0,1,3
,SAUDI ARABIA,,,,SA,0,1,3
,SAUDI ARABIA,,,,SA,0,1,1
,SENEGAL,,,,SN,0,1,1
,SENEGAL,,,,SN,0,1,2
,SENEGAL,,,,SN,0,1,2
,SENEGAL,,,,SN,0,1,3
,SENEGAL,,,,SN,0,1,3
,SENEGAL,,,,SN,0,1,3
,SERBIA,,,,RS,0,1,1
,SERBIA,,,,RS,0,1,1
,SERBIA,,,,RS,0,1,2
,SERBIA,,,,RS,0,1,1
,SERBIA,,,,RS,0,1,1
,SERBIA,,,,RS,0,1,1
,SERBIA,,,,RS,0,1,3
,SERBIA,,,,RS,0,1,3
,SERBIA,,,,RS,0,1,3
,SERBIA,,,,RS,0,1,5
,SERBIA,,,,RS,0,1,5
,SEYCHELLES,,,,SC,0,1,1
,SEYCHELLES,,,,SC,0,1,3
,SEYCHELLES,,,,SC,0,1,3
,SEYCHELLES,,,,SC,0,1,3
,SEYCHELLES,,,,SC,0,1,5
,SIERRA LEONE,,,,SL,0,1,1
,SIERRA LEONE,,,,SL,0,1,3
,SIERRA LEONE,,,,SL,0,1,3
,SIERRA LEONE,,,,SL,0,1,3
,SIERRA LEONE,,,,SL,0,1,5
,SINGAPORE,,,,SG,0,1,1
,SINGAPORE,,,,SG,0,1,2
,SINGAPORE,,,,SG,0,1,3
,SINGAPORE,,,,SG,0,1,3
,SINGAPORE,,,,SG,0,1,3
,SINGAPORE,,,,SG,0,1,3
,SLOVAKIA,,,,SK,0,1,1
,SLOVAKIA,,,,SK,0,1,2
,SLOVAKIA,,,,SK,0,1,3
,SLOVAKIA,,,,SK,0,1,3
,SLOVAKIA,,,,SK,0,1,3
,SLOVAKIA,,,,SK,0,1,3
,SLOVAKIA,,,,SK,0,1,3
,SLOVAKIA,,,,SK,0,1,5
,SLOVENIA,,,,SI,0,1,1
,SLOVENIA,,,,SI,0,1,2
,SLOVENIA,,,,SI,0,1,2
,SLOVENIA,,,,SI,0,1,2
,SLOVENIA,,,,SI,0,1,3
,SLOVENIA,,,,SI,0,1,3
,SLOVENIA,,,,SI,0,1,3
,SLOVENIA,,,,SI,0,1,3
,SLOVENIA,,,,SI,0,1,3
,SLOVENIA,,,,SI,0,1,1
,SLOVENIA,,,,SI,0,1,5
,,,,,,0,1,1
,,,,,,0,1,1
,,,,,,0,1,1
,,,,,,0,1,1
,,,,,,0,1,1
,,,,,,0,1,1
,,,,,,0,1,1
,,,,,,0,1,1
,SOLOMON ISLANDS,,,,SB,0,1,1
,SOLOMON ISLANDS,,,,SB,0,1,3
,SOLOMON ISLANDS,,,,SB,0,1,5
,SOMALIA,,,,SO,0,1,1
,SOMALIA,,,,SO,0,1,2
,SOMALIA,,,,SO,0,1,2
,SOMALIA,,,,SO,0,1,2
,SOMALIA,,,,SO,0,1,2
,SOMALIA,,,,SO,0,1,3
,SOMALIA,,,,SO,0,1,3
,SOMALIA,,,,SO,0,1,3
,SOMALIA,,,,SO,0,1,3
,SOMALIA,,,,SO,0,1,3
,SOMALIA,,,,SO,0,1,3
,SOMALIA,,,,SO,0,1,1
,SOMALIA,,,,SO,0,1,5
,SOUTH AFRICA,,,,ZA,0,1,1
,SOUTH AFRICA,,,,ZA,0,1,2
,SOUTH AFRICA,,,,ZA,0,1,3
,SOUTH AFRICA,,,,ZA,0,1,3
,SOUTH AFRICA,,,,ZA,0,1,3
,SOUTH AFRICA,,,,ZA,0,1,3
,SOUTH AFRICA,,,,ZA,0,1,3
,SOUTH AFRICA,,,,ZA,0,1,5
,SOUTH KOREA,,,,KR,0,1,1
,SOUTH KOREA,,,,KR,0,1,3
,SOUTH KOREA,,,,KR,0,1,3
,SOUTH KOREA,,,,KR,0,1,3
,SOUTH SUDAN,,,,SS,0,1,1
,SOUTH SUDAN,,,,SS,0,1,3
,SOUTH SUDAN,,,,SS,0,1,3
,SOUTH SUDAN,,,,SS,0,1,3
,SOUTH SUDAN,,,,SS,0,1,3
,SOUTH SUDAN,,,,SS,0,1,1
,SOUTH SUDAN,,,,SS,0,1,5
,SPAIN,,,,ES,0,1,1
,SPAIN,,,,ES,0,1,3
,SPAIN,,,,ES,0,1,3
,SPAIN,,,,ES,0,1,3
,SPAIN,,,,ES,0,1,3
,SPAIN,,,,ES,0,1,3
,SPAIN,,,,ES,0,1,3
,SPAIN,,,,ES,0,1,5
,SRI LANKA,,,,LK,0,1,1
,SRI LANKA,,,,LK,0,1,2
,SRI LANKA,,,,LK,0,1,3
,SRI LANKA,,,,LK,0,1,3
,SRI LANKA,,,,LK,0,1,3
,SRI LANKA,,,,LK,0,1,3
,SRI LANKA,,,,LK,0,1,3
,SRI LANKA,,,,LK,0,1,1
,SUDAN,,,,SD,0,1,1
,SUDAN,,,,SD,0,1,2
,SUDAN,,,,SD,0,1,3
,SUDAN,,,,SD,0,1,3
,SUDAN,,,,SD,0,1,3
,SUDAN,,,,SD,0,1,5
,SURINAME,,,,SR,0,1,1
,SURINAME,,,,SR,0,1,3
,SURINAME,,,,SR,0,1,3
,SWAZILAND,,,,SZ,0,1,1
,SWAZILAND,,,,SZ,0,1,3
,SWAZILAND,,,,SZ,0,1,3
,SWEDEN,,,,SE,0,1,1
,SWEDEN,,,,SE,0,1,3
,SWEDEN,,,,SE,0,1,3
,SWEDEN,,,,SE,0,1,3
,SWEDEN,,,,SE,0,1,3
,SWEDEN,,,,SE,0,1,3
,SWITZERLAND,,,,CH,0,1,1
,SWITZERLAND,,,,CH,0,1,3
,SWITZERLAND,,,,CH,0,1,3
,SWITZERLAND,,,,CH,0,1,3
,SWITZERLAND,,,,CH,0,1,3
,SWITZERLAND,,,,CH,0,1,3
,SYRIA,,,,SY,0,1,1
,SYRIA,,,,SY,0,1,3
,SYRIA,,,,SY,0,1,3
,TAIWAN,,,,TW,0,1,1
,TAIWAN,,,,TW,0,1,3
,TAIWAN,,,,TW,0,1,3
,TAIWAN,,,,TW,0,1,3
,TAIWAN,,,,TW,0,1,3
,TAIWAN,,,,TW,0,1,3
,TAIWAN,,,,TW,0,1,1
,TAJIKISTAN,,,,TJ,0,1,1
,TAJIKISTAN,,,,TJ,0,1,3
,TAJIKISTAN,,,,TJ,0,1,3
,TAJIKISTAN,,,,TJ,0,1,3
,TAJIKISTAN,,,,TJ,0,1,3
,TAJIKISTAN,,,,TJ,0,1,3
,TAJIKISTAN,,,,TJ,0,1,3
,TAJIKISTAN,,,,TJ,0,1,3
,TAJIKISTAN,,,,TJ,0,1,3
,TAJIKISTAN,,,,TJ,0,1,3
,TAJIKISTAN,,,,TJ,0,1,5
,TANZANIA,,,,TZ,0,1,1
,TANZANIA,,,,TZ,0,1,3
,TANZANIA,,,,TZ,0,1,3
,TANZANIA,,,,TZ,0,1,3
,TANZANIA,,,,TZ,0,1,3
,TANZANIA,,,,TZ,0,1,3
,TANZANIA,,,,TZ,0,1,3
,TANZANIA,,,,TZ,0,1,3
,TANZANIA,,,,TZ,0,1,5
,,,,,,0,1,1
,THAILAND,,,,TH,0,1,1
,THAILAND,,,,TH,0,1,3
,THAILAND,,,,TH,0,1,3
,THAILAND,,,,TH,0,1,3
,THAILAND,,,,TH,0,1,3
,TOGO,,,,TG,0,1,1
,TOGO,,,,TG,0,1,3
,TOGO,,,,TG,0,1,3
,TOGO,,,,TG,0,1,5
,TOKELAU,,,,TK,0,1,1
,TONGA,,,,TO,0,1,1
,TONGA,,,,TO,0,1,3
,TONGA,,,,TO,0,1,3
,TRINIDAD AND TOBAGO,,,,TT,0,1,1
,TRINIDAD AND TOBAGO,,,,TT,0,1,3
,TRINIDAD AND TOBAGO,,,,TT,0,1,3
,TUNISIA,,,,TN,0,1,1
,TUNISIA,,,,TN,0,1,2
,TUNISIA,,,,TN,0,1,3
,TUNISIA,,,,TN,0,1,3
,TUNISIA,,,,TN,0,1,3
,TUNISIA,,,,TN,0,1,5
,TURKEY,,,,TR,0,1,1
,TURKEY,,,,TR,0,1,1
,TURKEY,,,,TR,0,1,1
,TURKEY,,,,TR,0,1,1
,TURKEY,,,,TR,0,1,1
,TURKEY,,,,TR,0,1,1
,TURKEY,,,,TR,0,1,1
,TURKEY,,,,TR,0,1,1
,TURKEY,,,,TR,0,1,3
,TURKEY,,,,TR,0,1,3
,TURKEY,,,,TR,0,1,3
,TURKEY,,,,TR,0,1,3
,TURKEY,,,,TR,0,1,3
,TURKEY,,,,TR,0,1,3
,TURKEY,,,,TR,0,1,3
,TURKEY,,,,TR,0,1,1
,TURKEY,,,,TR,0,1,1
,TURKEY,,,,TR,0,1,1
,TURKEY,,,,TR,0,1,1
,TURKEY,,,,TR,0,1,5
,TURKMENISTAN,,,,TM,0,1,1
,TURKMENISTAN,,,,TM,0,1,3
,TURKS AND CAICOS ISLANDS,,,,TC,0,1,1
,TURKS AND CAICOS ISLANDS,,,,TC,0,1,3
,TURKS AND CAICOS ISLANDS,,,,TC,0,1,3
,TUVALU,,,,TV,0,1,1
,UGANDA,,,,UG,0,1,1
,UGANDA,,,,UG,0,1,2
,UGANDA,,,,UG,0,1,2
,UGANDA,,,,UG,0,1,2
,UGANDA,,,,UG,0,1,2
,UGANDA,,,,UG,0,1,3
,UGANDA,,,,UG,0,1,3
,UGANDA,,,,UG,0,1,3
,UGANDA,,,,UG,0,1,3
,UGANDA,,,,UG,0,1,3
,UGANDA,,,,UG,0,1,3
,UGANDA,,,,UG,0,1,3
,UGANDA,,,,UG,0,1,3
,UGANDA,,,,UG,0,1,3
,UGANDA,,,,UG,0,1,3
,UGANDA,,,,UG,0,1,3
,UGANDA,,,,UG,0,1,5
,UGANDA,,,,UG,0,1,5
,UKRAINE,,,,UA,0,1,1
,UKRAINE,,,,UA,0,1,1
,UKRAINE,,,,UA,0,1,1
,UKRAINE,,,,UA,0,1,1
,UKRAINE,,,,UA,0,1,1
,UKRAINE,,,,UA,0,1,1
,UKRAINE,,,,UA,0,1,3
,UKRAINE,,,,UA,0,1,3
,UKRAINE,,,,UA,0,1,3
,UKRAINE,,,,UA,0,1,3
,UKRAINE,,,,UA,0,1,3
,UKRAINE,,,,UA,0,1,1
,UKRAINE,,,,UA,0,1,5
,UNITED ARAB EMIRATES,,,,AE,0,1,1
,UNITED ARAB EMIRATES,,,,AE,0,1,1
,UNITED ARAB EMIRATES,,,,AE,0,1,3
,UNITED ARAB EMIRATES,,,,AE,0,1,3
,UNITED KINGDOM,,,,GB,0,1,1
,UNITED KINGDOM,,,,GB,0,1,1
,UNITED KINGDOM,,,,GB,0,1,3
,UNITED KINGDOM,,,,GB,0,1,3
,UNITED KINGDOM,,,,GB,0,1,3
,UNITED KINGDOM,,,,GB,0,1,3
,UNITED KINGDOM,,,,GB,0,1,3
,UNITED KINGDOM,,,,GB,0,1,3
,UNITED KINGDOM,,,,GB,0,1,3
,UNITED KINGDOM,,,,GB,0,1,3
,UNITED KINGDOM,,,,GB,0,1,3
,UNITED KINGDOM,,,,GB,0,1,3
,UNITED KINGDOM,,,,GB,0,1,3
,UNITED KINGDOM,,,,GB,0,1,1
,UNITED KINGDOM,,,,GB,0,1,1
,UNITED KINGDOM,,,,GB,0,1,1
,UNITED KINGDOM,,,,GB,0,1,1
,UNITED KINGDOM,,,,GB,0,1,1
,UNITED STATES,,,,US,0,1,1
,UNITED STATES,,,,US,0,1,1
,UNITED STATES,,,,US,0,1,1
,UNITED STATES,,,,US,0,1,1
,UNITED STATES,,,,US,0,1,1
,,,,,,0,1,1
,URUGUAY,,,,UY,0,1,1
,URUGUAY,,,,UY,0,1,3
,URUGUAY,,,,UY,0,1,3
,URUGUAY,,,,UY,0,1,3
,URUGUAY,,,,UY,0,1,3
,URUGUAY,,,,UY,0,1,1
,UZBEKISTAN,,,,UZ,0,1,1
,UZBEKISTAN,,,,UZ,0,1,3
,UZBEKISTAN,,,,UZ,0,1,5
,UZBEKISTAN,,,,UZ,0,1,1
,VANUATU,,,,VU,0,1,1
,VANUATU,,,,VU,0,1,3
,VENEZUELA,,,,VE,0,1,1
,VENEZUELA,,,,VE,0,1,1
,VENEZUELA,,,,VE,0,1,3
,VENEZUELA,,,,VE,0,1,3
,VENEZUELA,,,,VE,0,1,3
,VENEZUELA,,,,VE,0,1,3
,VENEZUELA,,,,VE,0,1,1
,VIET NAM,,,,VN,0,1,1
,VIET NAM,,,,VN,0,1,2
,VIET NAM,,,,VN,0,1,1
,VIET NAM,,,,VN,0,1,1
,VIET NAM,,,,VN,0,1,3
,VIET NAM,,,,VN,0,1,3
,VIET NAM,,,,VN,0,1,3
,VIET NAM,,,,VN,0,1,5
,WALLIS AND FUTUNA,,,,WF,0,1,1
,WALLIS AND FUTUNA,,,,WF,0,1,3
,WESTERN SAMOA,,,,WS,0,1,1
,WESTERN SAMOA,,,,WS,0,1,3
,WESTERN SAMOA,,,,WS,0,1,3
,YEMEN,,,,YE,0,1,1
,YEMEN,,,,YE,0,1,3
,YEMEN,,,,YE,0,1,3
,YEMEN,,,,YE,0,1,3
,YEMEN,,,,YE,0,1,3
,YEMEN,,,,YE,0,1,1
,ZAMBIA,,,,ZM,0,1,1
,ZAMBIA,,,,ZM,0,1,3
,ZAMBIA,,,,ZM,0,1,3
,ZAMBIA,,,,ZM,0,1,3
,ZIMBABWE,,,,ZW,0,1,1
,ZIMBABWE,,,,ZW,0,1,3
,ZIMBABWE,,,,ZW,0,1,3
,ZIMBABWE,,,,ZW,0,1,3
,ZIMBABWE,,,,ZW,0,1,5
